INSERT INTO timetable3.college_group (id, name)
VALUES (1, 'КІ-201'),
       (2, 'КІ-202'),
       (3, 'КІ-203'),
       (4, 'ПІ-201'),
       (5, 'ПІ-202'),
       (6, 'МЕ-201'),
       (7, 'МЕ-202'),
       (8, 'ЕК-201'),
       (9, 'ЕК-202'),
       (10, 'МГ-201'),
       (11, 'ПМ-201'),
       (12, 'ПМ-202'),
       (13, 'АТ-201'),
       (14, 'АТ-202'),
       (15, 'КІ-191'),
       (16, 'КІ-192'),
       (17, 'КІ-193'),
       (18, 'ПІ-191'),
       (19, 'ПІ-192'),
       (20, 'МЕ-191'),
       (21, 'МЕ-192'),
       (22, 'ЕК-191'),
       (23, 'ЕК-192'),
       (24, 'МГ-191'),
       (25, 'ПМ-191'),
       (26, 'ПМ-192'),
       (27, 'АТ-191'),
       (28, 'АТ-192'),
       (29, 'КІ-181'),
       (30, 'КІ-182'),
       (31, 'КІ-183'),
       (32, 'ПІ-181'),
       (33, 'ПІ-182'),
       (34, 'МЕ-181'),
       (35, 'МЕ-182'),
       (36, 'ЕК-181'),
       (37, 'МГ-181'),
       (38, 'ПМ-181'),
       (39, 'ПМ-182'),
       (40, 'АТ-181'),
       (41, 'АТ-182'),
       (42, 'КІ-171'),
       (43, 'КІ-172'),
       (44, 'ПІ-171'),
       (45, 'ПІ-172'),
       (46, 'МЕ-171'),
       (47, 'МЕ-172'),
       (48, 'МГ-171'),
       (49, 'ПМ-171'),
       (50, 'ПМ-172'),
       (51, 'АТ-171'),
       (52, 'АТ-172');


INSERT INTO timetable3.lesson (id, name)
VALUES (1, 'Інформатика'),
       (2, 'Іноземна мова'),
       (3, 'Фізична культура'),
       (4, 'Географія'),
       (5, 'Хімія'),
       (6, 'Фізика'),
       (7, 'Українська Мова'),
       (8, 'Українська література'),
       (9, 'Всесвітня історія'),
       (10, 'Громадянська освіта'),
       (11, 'Історія України'),
       (12, 'Програмування'),
       (13, 'Історія державності та культури України'),
       (14, 'ТЕМК'),
       (15, 'Екологія'),
       (16, 'Вища математика'),
       (17, 'Комп.дискретна математика'),
       (18, 'Основи програмування'),
       (19, 'Вступ до І ПЗ'),
       (20, 'Архітектура комп"ютерів'),
       (21, 'Лінійна алгебра'),
       (22, 'Розміщення продуктивних сил'),
       (23, 'Основи психології'),
       (24, 'Історія державності'),
       (25, 'Техніка і технологі'),
       (26, 'Фізичне виховання'),
       (27, 'Економічна теорія'),
       (28, 'Статистика'),
       (29, 'Економіка і фінанси підпр'),
       (30, 'Металорізальні верстати'),
       (31, 'Нарисна геометрія'),
       (32, 'ТКМ'),
       (33, 'Основи проектування заготовок'),
       (34, 'Взаємозамінність'),
       (35, 'Технічна механіка'),
       (36, 'Теор. основи електротехніки'),
       (37, 'Автомобіл'),
       (38, 'Право'),
       (39, 'Креслення'),
       (40, 'Обчислювальна техніка'),
       (41, 'Вимірювання в аналогових та цифрових пристроях'),
       (42, 'Теорія ймовірностей'),
       (43, 'Комп"ютерна електроніка'),
       (44, 'Структури даних'),
       (45, 'Захист інформації'),
       (46, 'Моделювання'),
       (47, 'Диференційні рівняння'),
       (48, 'ООП'),
       (49, 'Операційні системи'),
       (50, 'Математичні методи'),
       (51, 'Бухгалтерський облік'),
       (52, 'Організація виробництва'),
       (53, 'Економіка підприємства'),
       (54, 'Етика ділового спілкування'),
       (55, 'Інтелектуальна власність'),
       (56, 'Менеджмент'),
       (57, 'Планування'),
       (58, 'Фінансовий облік'),
       (60, 'Основи обробки матеріалів'),
       (61, 'Технологічне оснащення'),
       (62, 'Філософія'),
       (63, 'Загальна електротехніка'),
       (64, 'Охорона праці'),
       (65, 'Приводи верстатів'),
       (66, 'Машинобудівне креслення'),
       (67, 'Промислова електроніка'),
       (68, 'Основи обробки матеріалів та інструментів'),
       (69, 'Електропривод'),
       (70, 'Автомобільні двигуни'),
       (71, 'Гідр. та пневм сист. автом'),
       (72, 'Автомобільні двигуни'),
       (73, 'Основи філософських знань'),
       (74, 'Електрообладнання автом'),
       (75, 'Основи охорони праці'),
       (76, 'Політологія'),
       (77, 'Комп системи і мережі '),
       (78, 'Периферійні пристрої'),
       (79, 'Надійність, діагностика'),
       (80, 'Конструювання прогр забезпечення'),
       (81, 'Архітектура та проектування ПЗ'),
       (82, 'Основи командної розробки ПЗ'),
       (83, 'Програмування в Інтернет'),
       (84, 'Економіка та менеджмент ПІ'),
       (85, 'Ліцензування та сертифікація ПП'),
       (86, 'Людино-машинна взаємодія'),
       (87, 'Фінанси підприємства'),
       (88, 'Управління інноваціями'),
       (89, 'Інформаційні системи'),
       (90, 'Зовнішньоекономічна діяльн підпр'),
       (91, 'Господарське право'),
       (92, 'Управління персоналом'),
       (93, 'Логістика'),
       (94, 'Технологія машинобудування'),
       (95, 'Комп моделювання'),
       (96, 'Технологічні основи програмування'),
       (97, 'Осн автоматиз проектування'),
       (98, 'Основи управління виробництвом'),
       (99, 'Будова і обслуговування верстатів'),
       (100, 'Соціологія'),
       (101, 'Технологічне оснащення'),
       (102, 'Основи автоматизованого проект'),
       (103, 'Організація та планув підпр'),
       (104, 'ТЕА'),
       (105, 'Основи технології ремонту автом'),
       (106, 'Алгебра'),
       (107, 'Будова та налагодження СПУ'),
       (108, 'Біологія'),
       (109, 'Зарубіжна література'),
       (110, 'Захист Вітчизни')
;



INSERT INTO timetable3.teacher (id, name)
VALUES (1, 'Ковалець. І.М.'),
       (2, 'Даць С.В.'),
       (3, 'Захватова Л.В.'),
       (4, '-'),
       (5, 'Мельник В.М.'),
       (6, 'Малахова Н.Б.'),
       (7, 'Бойченко І.В.'),
       (8, 'Кульбаба С.О.'),
       (9, 'Шимків І.І.'),
       (10, 'Роїк Н.М.'),
       (11, 'Халавчук Ю.С.'),
       (12, 'Ілаш Н.Б.'),
       (13, 'Стецюк П.П.'),
       (14, 'Матіяш Т.О.'),
       (15, 'Лункіна О.М.'),
       (16, 'Супрун Л.В.'),
       (17, 'Докторук О.Д.'),
       (18, '-'),
       (19, 'Перетятко І.М.'),
       (20, 'Кілімнік Л.Л.'),
       (21, 'Миколюк М.В.'),
       (22, 'Миколюк О.В.'),
       (23, 'Ковальчук О.Л.'),
       (24, 'Соломко Л.А.'),
       (25, 'Студницька Л.М.'),
       (26, 'Суркова Т.В.'),
       (27, 'Микитюк О.В.'),
       (28, 'Кузнєцова Н.Ю.'),
       (29, 'Даценко Л.І.'),
       (30, 'Бельський А.В.'),
       (31, 'Слободзян Л.А.'),
       (32, 'Козубець О.І.'),
       (33, 'Салямон О.І.'),
       (34, 'Бондаренко О.П.'),
       (35, 'Чернова В.А.'),
       (36, 'Пахолюк О.В.'),
       (37, 'Желавська І.А.'),
       (38, 'Багас Л.М.'),
       (39, 'Глега Л.М.'),
       (40, 'Янков С.В.'),
       (41, 'Капітан Г.В.'),
       (42, 'Дуда Л.О.'),
       (43, 'Федосюк Г.В.'),
       (44, 'Хібліна К.І.'),
       (45, 'Соломна О.В.'),
       (46, 'Даценко Л.М.'),
       (47, 'Кушнір В.Л.'),
       (48, 'Чорноконь В.В.'),
       (49, 'Данилюк А.М.'),
       (50, 'Свіцельський М.О.'),
       (51, 'Резерв');


INSERT INTO timetable3.room (id, name)
VALUES (1, '123'),
       (2, '131а'),
       (3, '133а'),
       (4, '131'),
       (5, '134а'),
       (6, '129'),
       (7, '121'),
       (8, '132а'),
       (9, '135а'),
       (10, '124'),
       (11, '142'),
       (12, '127'),
       (13, '148'),
       (14, '129'),
       (15, '125'),
       (16, '235а');


# dayNumber 1-5
# lessonNumber 1-5
# lessonWeek 1,2
# teacherIdOptional set id teacher if have 2 teacher
INSERT INTO timetable3.timetable (teacher_id, teacher_id_optional, lesson_id, group_id,
                                  lesson_room_id, lesson_week, lesson_number, day_number)
VALUES (1, 2, 2, 1, 1, 1, 1, 1),
       (3, null, 6, 1, 1, 1, 2, 1),
       (22, 5, 1, 1, 1, 1, 3, 1),
       (6, null, 10, 1, 1, 1, 4, 1),
       (7, null, 4, 1, 1, 1, 1, 2),
       (8, null, 8, 1, 1, 1, 2, 2),
       (8, null, 7, 1, 1, 1, 3, 2),
       (9, null, 3, 1, 1, 1, 1, 3),
       (51, null, 9, 1, 1, 1, 2, 3),
       (6, null, 10, 1, 1, 1, 3, 3),
       (11, null, 106, 1, 1, 1, 1, 4),
       (22, 5, 1, 1, 16, 1, 2, 4),#repeat second week#
       (3, null, 6, 1, 1, 1, 3, 4),
       (51, null, 9, 1, 1, 1, 4, 4),
       (10, null, 5, 1, 1, 1, 1, 5),
       (11, null, 106, 1, 1, 1, 2, 5),
       #Друга група
       #
       #
       #
       #Друга група
       (12, 13, 1, 2, 2, 1, 1, 1),
       (1, 2, 2, 2, 2, 1, 2, 1),
       (14, null, 9, 2, 2, 1, 3, 1),
       (3, null, 6, 2, 2, 1, 4, 1),
       (14, null, 9, 2, 2, 1, 1, 2),
       (7, null, 4, 2, 2, 1, 2, 2),
       (16, null, 106, 2, 2, 1, 3, 2),
       (6, null, 10, 2, 2, 1, 1, 3),
       (9, null, 3, 2, 2, 1, 2, 3),
       (26, null, 5, 2, 2, 1, 3, 3),
       (26, null, 5, 2, 2, 1, 1, 4),#repeat second week#
       (8, null, 7, 2, 2, 1, 2, 4),
       (8, null, 8, 2, 2, 1, 3, 4),
       (3, null, 6, 2, 2, 1, 4, 4),
       (16, null, 106, 2, 2, 1, 2, 5),
       (6, null, 10, 2, 2, 1, 3, 5),
       #3group
       #3group
       #3group
       (14, null, 9, 3, 3, 1, 2, 1),
       (1, 2, 2, 3, 3, 1, 3, 1),
       (7, null, 4, 3, 3, 1, 4, 1),
       (19, null, 6, 3, 3, 1, 1, 2),
       (20, null, 7, 3, 3, 1, 2, 2),
       (20, null, 8, 3, 3, 1, 3, 2);

